DATA_COLETA,LOJA,PRODUTO,PRECO
2026-09-29,BooksToScrape,,
2026-09-29,BooksToScrape,,
2026-09-29,BooksToScrape,,
2026-09-29,BooksToScrape,,
2026-09-29,BooksToScrape,,
2026-09-29,BooksToScrape,,
2026-09-29,BooksToScrape,,
2026-09-29,BooksToScrape,,
2026-09-29,BooksToScrape,,
2026-09-29,BooksToScrape,,
2026-09-29,BooksToScrape,,
2026-09-29,BooksToScrape,,
2026-09-29,BooksToScrape,,
2026-09-29,BooksToScrape,,
2026-09-29,BooksToScrape,,
2026-09-29,BooksToScrape,,
2026-09-29,BooksToScrape,,
2026-09-29,BooksToScrape,,
2026-09-29,BooksToScrape,,
2026-09-29,BooksToScrape,,
2026-09-29,BooksToScrape,A Light in the ...,51.77
2026-09-29,BooksToScrape,Tipping the Velvet,53.74
2026-09-29,BooksToScrape,Soumission,50.1
2026-09-29,BooksToScrape,Sharp Objects,47.82
2026-09-29,BooksToScrape,Sapiens: A Brief History ...,54.23
2026-09-29,BooksToScrape,The Requiem Red,22.65
2026-09-29,BooksToScrape,The Dirty Little Secrets ...,33.34
2026-09-29,BooksToScrape,The Coming Woman: A ...,17.93
2026-09-29,BooksToScrape,The Boys in the ...,22.6
2026-09-29,BooksToScrape,The Black Maria,52.15
2026-09-29,BooksToScrape,Starving Hearts (Triangular Trade ...,13.99
2026-09-29,BooksToScrape,Shakespeare's Sonnets,20.66
2026-09-29,BooksToScrape,Set Me Free,17.46
2026-09-29,BooksToScrape,Scott Pilgrim's Precious Little ...,52.29
2026-09-29,BooksToScrape,Rip it Up and ...,35.02
2026-09-29,BooksToScrape,Our Band Could Be ...,57.25
2026-09-29,BooksToScrape,Olio,23.88
2026-09-29,BooksToScrape,Mesaerion: The Best Science ...,37.59
2026-09-29,BooksToScrape,Libertarianism for Beginners,51.33
2026-09-29,BooksToScrape,It's Only the Himalayas,45.17
